Time,fd1,fd2,fd3,fd4,fd5,fd6,fd7,fn1,fn2,fn3,fn4,fn5,fn6,fn7
201711122253,46,46,52,46,54,46,41,37,35,32,38,32,40,33
201711122307,46,46,52,46,54,46,41,37,35,32,38,32,40,33
201711122322,44,46,52,46,54,46,41,38,35,32,38,32,40,33
201711122337,44,46,52,46,54,46,41,38,35,32,38,32,40,33
201711122352,44,46,52,46,54,46,41,38,35,32,38,32,40,33
201711130007,44,46,52,46,54,46,41,38,35,32,38,32,40,33
201711130022,44,46,52,46,54,46,41,38,35,32,38,32,40,33
201711130037,44,46,52,46,54,46,41,38,35,32,38,32,40,33
201711130052,44,46,52,46,54,46,41,38,35,32,38,32,40,33
201711130107,44,46,52,46,54,46,41,38,35,32,38,32,40,33
201711130122,44,46,52,46,54,46,41,38,35,32,38,32,40,33
201711130137,44,46,52,46,54,46,41,38,35,32,38,32,40,33
201711130152,44,46,52,46,54,46,41,38,35,32,38,32,40,33
201711130207,44,46,52,46,54,46,41,38,35,32,38,32,40,33
201711130222,45,44,52,46,54,46,41,37,32,30,38,32,40,33
201711130237,45,44,52,46,54,46,41,37,32,30,38,32,40,33
201711130252,45,44,52,46,54,46,41,37,32,30,38,32,40,33
201711130307,45,44,52,46,54,46,41,37,32,30,38,32,40,33
201711130322,45,44,52,46,54,46,41,37,32,30,38,32,40,33
201711130337,45,44,52,46,54,46,41,37,32,30,38,32,40,33
201711130352,45,44,52,46,54,46,41,37,32,30,38,32,40,33
201711130407,45,44,52,46,54,46,41,37,32,30,38,32,40,33
201711130422,44,44,52,46,54,46,41,37,32,30,38,32,40,33
201711130437,44,44,52,46,54,46,41,37,32,30,38,32,40,33
201711130452,44,44,52,46,54,46,41,37,32,30,38,32,40,33
201711130507,44,44,52,46,54,46,41,37,32,30,38,32,40,33
201711130522,44,44,52,44,50,49,36,32,30,37,29,40,29,
201711130537,44,44,52,44,50,49,36,32,30,37,29,40,29,
201711130552,44,44,52,44,50,49,36,32,30,37,29,40,29,
201711130607,44,44,52,44,50,49,36,32,30,37,29,40,29,
201711130622,44,44,52,44,50,49,36,32,30,37,29,40,29,
201711130637,44,44,52,44,50,49,36,32,30,37,29,40,29,
201711130652,44,44,52,44,50,49,36,32,30,37,29,40,29,
201711130707,44,44,52,44,50,49,36,32,30,37,29,40,29,
201711130722,44,44,52,44,50,49,36,32,30,37,29,40,29,
201711130737,44,44,52,44,50,49,36,32,30,37,29,40,29,
201711130752,44,44,52,44,50,49,36,32,30,37,29,40,29,
201711130807,44,44,52,44,50,49,36,32,30,37,29,40,29,
201711130822,44,44,52,44,50,49,36,32,30,37,29,40,29,
201711130837,44,44,52,44,50,49,36,32,30,37,29,40,29,
201711130852,44,44,52,44,50,49,36,32,30,37,29,40,29,
201711130907,44,44,52,44,50,49,36,32,30,37,29,40,29,
201711130922,44,44,52,44,50,49,36,32,30,37,29,40,29,
201711130937,44,44,52,44,50,49,36,32,30,37,29,40,29,
201711130952,44,44,52,44,50,49,36,32,30,37,29,40,29,
201711131007,44,44,52,44,50,49,36,32,30,37,29,40,29,
201711131022,45,44,52,44,50,49,36,32,30,37,29,40,29,
201711131032,45,44,52,44,50,49,36,32,30,37,29,40,29,
201711131047,45,44,52,44,50,49,36,32,30,37,29,40,29,
201711131102,45,44,52,44,50,49,36,32,30,37,29,40,29,
201711131117,45,44,52,44,50,49,36,32,30,37,29,40,29,
201711131132,45,44,52,44,50,49,36,32,30,37,29,40,29,
201711131147,45,44,52,44,50,49,36,32,30,37,29,40,29,
201711131202,45,44,52,44,50,49,36,32,30,37,29,40,29,
201711131217,45,44,52,44,50,49,36,32,30,37,29,40,29,
201711131232,45,44,52,44,50,49,36,32,30,37,29,40,29,
201711131247,45,44,52,44,50,49,36,32,30,37,29,40,29,
201711131302,45,44,52,44,50,49,36,32,30,37,29,40,29,
201711131317,45,44,52,44,50,49,36,32,30,37,29,40,29,
201711131332,45,44,52,44,50,49,36,32,30,37,29,40,29,
201711131347,45,44,52,44,50,49,36,32,30,37,29,40,29,
201711131402,45,44,52,44,50,49,36,32,30,37,29,40,29,
201711131417,44,43,51,44,50,49,36,33,30,37,29,40,29,
201711131432,44,43,51,44,50,49,36,33,30,37,29,40,29,
201711131447,44,43,51,44,50,49,36,33,30,37,29,40,29,
201711131502,44,43,51,44,50,49,36,33,30,37,29,40,29,
201711131517,44,43,51,44,49,51,36,33,30,38,29,40,30,25
201711131532,44,43,51,44,49,51,36,33,30,38,29,40,30,25
201711131547,44,43,51,44,49,51,36,33,30,38,29,40,30,25
201711131602,44,43,51,44,49,51,36,33,30,38,29,40,30,25
201711131617,44,43,51,44,49,51,36,33,30,38,29,40,30,25
201711131632,44,43,51,44,49,51,36,33,30,38,29,40,30,25
201711131647,44,43,51,44,49,51,36,33,30,38,29,40,30,25
201711131702,44,43,51,44,49,51,36,33,30,38,29,40,30,25
201711131717,43,51,44,49,51,36,38,33,30,38,29,40,30,25
201711131732,43,51,44,49,51,36,38,33,30,38,29,40,30,25
201711131747,43,51,44,49,51,36,38,33,30,38,29,40,30,25
201711131802,43,51,44,49,51,36,38,33,30,38,29,40,30,25
201711131817,43,51,44,49,51,36,38,33,30,38,29,40,30,25
201711131832,43,51,44,49,51,36,38,33,30,38,29,40,30,25
201711131847,43,51,44,49,51,36,38,33,30,38,29,40,30,25
201711131902,43,51,44,49,51,36,38,33,30,38,29,40,30,25
201711131917,43,51,44,49,51,36,38,33,30,38,29,40,30,25
201711131932,43,51,44,49,51,36,38,33,30,38,29,40,30,25
201711131947,43,51,44,49,51,36,38,33,30,38,29,40,30,25
201711132002,43,51,44,49,51,36,38,33,30,38,29,40,30,25
201711132017,43,51,44,49,51,36,38,33,30,38,29,40,30,25
201711132032,43,51,44,49,51,36,38,33,30,38,29,40,30,25
201711132047,43,51,44,49,51,36,38,33,30,38,29,40,30,25
201711132102,43,51,44,49,51,36,38,33,30,38,29,40,30,25
201711132117,43,51,44,49,51,,,35,30,38,29,40,30,25
201711132132,43,51,44,49,51,,,35,30,38,29,40,30,25
201711132147,43,51,44,49,51,36,38,35,30,38,29,40,30,25
201711132202,43,51,44,49,51,,,35,30,38,29,40,30,25
201711132217,43,51,44,49,51,36,38,35,30,38,29,40,30,25
201711132232,43,51,44,49,51,36,38,35,30,38,29,40,30,25
201711132247,43,51,44,49,51,36,38,35,30,38,29,40,30,25
201711132302,43,51,44,49,51,36,38,35,30,38,29,40,30,25
201711132317,43,51,44,49,51,36,38,35,30,38,29,40,30,25
201711132332,43,51,44,49,51,36,38,35,30,38,29,40,30,25
201711132347,43,51,44,49,51,36,38,35,30,38,29,40,30,25
201711140002,43,51,44,49,51,36,38,35,30,38,29,40,30,25
201711140017,43,51,44,49,51,36,38,35,30,38,29,40,30,25
201711140032,43,51,44,49,51,36,38,35,30,38,29,40,30,25
201711140047,43,51,44,49,51,36,38,35,30,38,29,40,30,25
201711140102,43,51,44,49,51,36,38,35,30,38,29,40,30,25
201711140117,43,51,44,49,51,36,38,35,30,38,29,40,30,25
201711140132,43,51,44,49,51,36,38,35,30,38,29,40,30,25
201711140147,43,51,44,49,51,36,38,35,30,38,29,40,30,25
201711140202,43,51,44,49,51,36,38,35,30,38,29,40,30,25
201711140217,43,51,44,49,51,36,38,35,30,38,29,40,30,25
201711140232,43,50,43,49,51,36,38,35,30,38,29,40,30,25
201711140247,43,50,43,49,51,36,38,35,30,38,29,40,30,25
201711140302,43,50,43,49,51,36,38,35,30,38,29,40,30,25
201711140317,43,50,43,49,51,36,38,35,30,38,29,40,30,25
201711140332,43,50,43,49,51,36,38,35,30,38,29,40,30,25
201711140347,43,50,43,49,51,36,38,35,30,38,29,40,30,25
201711140402,43,50,43,49,51,36,38,35,30,38,29,40,30,25
201711140417,43,50,43,49,51,36,38,35,30,38,29,40,30,25
201711140432,43,50,43,49,51,36,38,35,30,38,29,40,30,25
201711140447,43,50,43,49,51,36,38,35,30,38,29,40,30,25
201711140502,43,50,43,49,51,36,38,35,30,38,29,40,30,25
201711140517,43,50,43,47,54,35,37,30,38,28,42,30,24,
201711140532,43,50,43,47,54,35,37,30,38,28,42,30,24,
201711140547,43,50,43,47,54,35,37,30,38,28,42,30,24,
201711140602,43,50,43,47,54,35,37,30,38,28,42,30,24,
201711140617,43,50,43,47,54,35,37,30,38,28,42,30,24,
201711140632,43,50,43,47,54,35,37,30,38,28,42,30,24,
201711140647,43,50,43,47,54,35,37,30,38,28,42,30,24,
201711140702,43,50,43,47,54,35,37,30,38,28,42,30,24,
201711140717,43,50,43,47,54,35,37,30,38,28,42,30,24,
201711140732,43,50,43,47,54,35,37,30,38,28,42,30,24,
201711140747,43,50,43,47,54,35,37,30,38,28,42,30,24,
201711140802,43,50,43,47,54,35,37,30,38,28,42,30,24,
201711140817,,,,,,,,,,,,,,
201711140832,43,50,43,47,54,35,37,30,38,28,42,30,24,
201711140847,43,50,43,47,54,35,37,30,38,28,42,30,24,
201711140902,43,50,43,47,54,35,37,30,38,28,42,30,24,
201711140917,43,50,43,47,54,35,37,30,38,28,42,30,24,
201711140932,44,50,43,47,54,35,37,30,38,28,42,30,24,
201711140947,44,50,43,47,54,35,37,30,38,28,42,30,24,
201711141002,44,50,43,47,54,35,37,30,38,28,42,30,24,
201711141017,44,50,43,47,54,35,37,30,38,28,42,30,24,
201711141032,44,50,43,47,54,35,37,30,38,28,42,30,24,
201711141047,44,50,43,47,54,35,37,30,38,28,42,30,24,
201711141102,44,50,43,47,54,35,37,30,38,28,42,30,24,
201711141117,44,50,43,47,54,35,37,30,38,28,42,30,24,
201711141132,44,50,43,47,54,35,37,30,38,28,42,30,24,
201711141147,44,50,43,47,54,35,37,30,38,28,42,30,24,
201711141202,44,50,43,47,54,35,37,30,38,28,42,30,24,
201711141217,44,50,43,47,54,35,37,30,38,28,42,30,24,
201711141232,44,50,43,47,54,35,37,30,38,28,42,30,24,
201711141247,44,50,43,47,54,35,37,30,38,28,42,30,24,
201711141302,44,50,43,47,54,35,37,30,38,28,42,30,24,
201711141317,44,50,43,47,54,35,37,30,38,28,42,30,24,
201711141332,44,50,43,47,54,35,37,30,38,28,42,30,24,
201711141347,44,50,43,47,54,35,37,30,38,28,42,30,24,
201711141402,44,50,43,47,54,35,37,30,38,28,42,30,24,
201711141417,44,50,43,47,54,35,37,30,38,28,42,30,24,
201711141432,44,51,42,47,54,35,37,30,40,28,42,30,24,
201711141447,44,51,42,47,54,35,37,30,40,28,42,30,24,
201711141502,44,51,42,47,54,35,37,30,40,28,42,30,24,
201711141517,44,51,42,47,54,35,37,30,40,28,42,30,24,
201711141532,44,51,42,46,55,37,39,30,40,29,40,32,26,28
201711141547,44,51,42,46,55,37,39,30,40,29,40,32,26,28
201711141602,44,51,42,46,55,37,39,30,40,29,40,32,26,28
201711141617,44,51,42,46,55,37,39,30,40,29,40,,,
201711141632,44,51,42,46,55,37,39,30,40,29,40,,,
201711141647,44,51,42,46,55,37,39,30,40,29,40,,,
201711141702,44,51,42,46,55,37,39,30,40,29,40,32,26,28
201711141717,51,42,46,55,37,39,43,33,40,29,40,32,26,28
201711141732,51,42,46,55,37,39,43,33,40,29,40,32,26,28
201711141747,51,42,46,55,37,39,43,33,40,29,40,32,26,28
201711141802,51,42,46,55,37,39,43,33,40,29,40,32,26,28
201711141817,51,42,46,55,37,39,43,33,40,29,40,32,26,28
201711141832,51,42,46,55,37,39,43,33,40,29,40,32,26,28
201711141847,51,42,46,55,37,39,43,33,40,29,40,32,26,28
201711141902,51,42,46,55,37,39,43,33,40,29,40,32,26,28
201711141917,51,42,46,55,37,39,43,33,40,29,40,32,26,28
201711141932,51,42,46,55,37,39,43,33,40,29,40,32,26,28
201711141947,51,42,46,55,37,39,43,33,40,29,40,32,26,28
201711142002,51,42,46,55,37,39,43,33,40,29,40,32,26,28
201711142017,51,42,46,55,37,39,43,33,40,29,40,32,26,28
201711142032,51,42,46,55,37,39,43,33,40,29,40,32,26,28
201711142047,51,42,46,55,37,39,43,33,40,29,40,32,26,28
201711142102,51,42,46,55,37,39,43,33,40,29,40,32,26,28
201711142117,51,42,46,55,37,39,43,30,40,29,40,32,26,28
201711142132,51,42,46,55,37,39,43,30,40,29,40,32,26,28
201711142147,51,42,46,55,37,39,43,30,40,29,40,32,26,28
201711142202,51,42,46,55,37,39,43,30,40,29,40,32,26,28
201711142217,51,42,46,55,37,39,43,30,40,29,40,32,26,28
201711142232,51,42,46,55,37,39,43,30,40,29,40,32,26,28
201711142247,51,42,46,55,37,39,43,30,40,29,40,32,26,28
201711142302,51,42,46,55,37,39,43,30,40,29,40,32,26,28
201711142317,51,42,46,55,37,39,43,31,40,29,40,32,26,28
201711142332,51,42,46,55,37,39,43,31,40,29,40,32,26,28
201711142347,51,42,46,55,37,39,43,31,40,29,40,32,26,28
201711150002,51,42,46,55,37,39,43,31,40,29,40,32,26,28
201711150017,51,42,46,55,37,39,43,31,40,29,40,32,26,28
201711150032,51,42,46,55,37,39,43,31,40,29,40,32,26,28
201711150047,51,42,46,55,37,39,43,31,40,29,40,32,26,28
201711150102,51,42,46,55,37,39,43,31,40,29,40,32,26,28
201711150117,51,42,46,55,37,39,43,31,40,29,40,32,26,28
201711150132,51,42,46,55,37,39,43,31,40,29,40,32,26,28
201711150147,51,42,46,55,37,39,43,31,40,29,40,32,26,28
201711150202,51,42,46,55,37,39,43,31,40,29,40,32,26,28
201711150217,53,42,46,55,37,39,43,30,39,28,40,32,26,28
201711150232,53,42,46,55,37,39,43,30,39,28,40,32,26,28
201711150247,53,42,46,55,37,39,43,30,39,28,40,32,26,28
201711150302,53,42,46,55,37,39,43,30,39,28,40,32,26,28
201711150317,53,42,46,55,37,39,43,30,39,28,40,32,26,28
201711150332,53,42,46,55,37,39,43,30,39,28,40,32,26,28
201711150347,53,42,46,55,37,39,43,30,39,28,40,32,26,28
201711150402,53,42,46,55,37,39,43,30,39,28,40,32,26,28
201711150417,53,42,46,55,37,39,43,30,39,28,40,32,26,28
201711150432,53,42,46,55,37,39,43,30,39,28,40,32,26,28
201711150447,53,42,46,55,37,39,43,30,39,28,40,32,26,28
201711150502,53,42,46,55,37,39,43,30,39,28,40,32,26,28
201711150517,53,42,46,54,37,39,45,39,28,38,33,25,28,
201711150532,53,42,46,54,37,39,45,39,28,38,33,25,28,
201711150547,53,42,46,54,37,39,45,39,28,38,33,25,28,
201711150602,53,42,46,54,37,39,45,39,28,38,33,25,28,
201711150617,53,42,46,54,37,39,45,39,28,38,33,25,28,
201711150632,53,42,46,54,37,39,45,39,28,38,33,25,28,
201711150647,53,42,46,54,37,39,45,39,28,38,33,25,28,
201711150702,53,42,46,54,37,39,45,39,28,38,33,25,28,
201711150717,53,42,46,54,37,39,45,39,28,38,33,25,28,
201711150732,53,42,46,54,37,39,45,39,28,38,33,25,28,
201711150747,53,42,46,54,37,39,45,39,28,38,33,25,28,
201711150802,53,42,46,54,37,39,45,39,28,38,33,25,28,
201711150817,53,42,46,54,37,39,45,39,28,38,33,25,28,
201711150832,53,42,46,54,37,39,45,39,28,38,33,25,28,
201711150847,53,42,46,54,37,39,45,39,28,38,33,25,28,
201711150902,53,42,46,54,37,39,45,39,28,38,33,25,28,
201711150917,52,42,46,54,37,39,45,39,28,38,33,25,28,
201711150932,52,42,46,54,37,39,45,39,28,,,,,
201711150947,52,42,46,54,37,39,45,39,28,38,33,25,28,
201711151002,52,42,46,54,37,39,45,39,28,38,33,25,28,
201711151017,52,42,46,54,37,39,45,39,28,38,33,25,28,
201711151032,52,42,46,54,37,39,45,39,28,38,33,25,28,
201711151047,52,42,46,54,37,39,45,39,28,38,33,25,28,
201711151102,52,42,46,54,37,39,45,39,28,38,33,25,28,
201711151117,50,42,46,54,37,39,45,39,28,38,33,25,28,
201711151132,50,42,46,54,37,39,45,39,28,38,33,25,28,
201711151147,50,42,46,54,37,39,45,39,28,38,33,25,28,
201711151202,50,42,46,54,37,39,45,39,28,38,33,25,28,
201711151217,50,42,46,54,37,39,45,39,28,38,33,25,28,
201711151232,50,42,46,54,37,39,45,39,28,38,33,25,28,
201711151247,50,42,46,54,37,39,45,39,28,38,33,25,28,
201711151302,50,42,46,54,37,39,45,39,28,38,33,25,28,
201711151317,,,,,,,,,,,,,,
201711151332,50,42,46,54,37,39,45,39,28,38,33,25,28,
201711151347,50,42,46,54,37,39,45,39,28,38,33,25,28,
201711151402,50,42,46,54,37,39,45,39,28,38,33,25,28,
201711151417,49,42,46,54,37,39,45,40,31,38,33,25,28,
201711151432,49,42,46,54,37,39,45,40,31,38,33,25,28,
201711151447,49,42,46,54,37,39,45,40,31,38,33,25,28,
201711151502,49,42,46,54,37,39,45,40,31,38,33,25,28,
201711151517,49,42,46,54,37,39,45,40,31,38,33,25,28,
201711151532,49,42,46,55,38,39,47,40,31,39,35,26,29,32
201711151547,49,42,46,55,38,39,47,40,31,39,35,26,29,32
201711151602,49,42,46,55,38,39,47,40,31,39,35,26,29,32
201711151617,49,42,46,55,38,39,47,40,31,39,35,26,29,32
201711151632,49,42,46,55,38,39,47,40,31,39,35,26,29,32
201711151647,49,42,46,55,38,39,47,40,31,39,35,26,29,32
201711151702,49,42,46,55,38,39,47,40,31,39,35,26,29,32
201711151717,49,42,46,55,38,39,47,40,31,39,35,26,29,32
201711151732,42,46,55,38,39,47,42,40,31,39,35,26,29,32
201711151747,42,46,55,38,39,47,42,40,31,39,35,26,29,32
201711151802,42,46,55,38,39,47,42,40,31,39,35,26,29,32
201711151817,42,46,55,38,39,47,42,40,31,39,35,26,29,32
201711151832,42,46,55,38,39,47,42,40,31,39,35,26,29,32
201711151847,42,46,55,38,39,47,42,40,31,39,35,26,29,32
201711151902,42,46,55,38,39,47,42,40,31,39,35,26,29,32
201711151917,42,46,55,38,39,47,42,40,31,39,35,26,29,32
201711151932,42,46,55,38,39,47,42,40,31,39,35,26,29,32
201711151947,42,46,55,38,39,47,42,40,31,39,35,26,29,32
201711152002,42,46,55,38,39,47,42,40,31,39,35,26,29,32
201711152017,42,46,55,38,39,47,42,40,31,39,35,26,29,32
201711152032,42,46,55,38,39,47,42,40,31,39,35,26,29,32
201711152047,42,46,55,38,39,47,42,40,31,39,35,26,29,32
201711152102,42,46,55,38,39,47,42,40,31,39,35,26,29,32
201711152117,42,46,55,38,39,47,42,40,31,39,35,26,29,32
201711152132,42,46,55,38,39,47,42,40,31,39,35,26,29,32
201711152147,42,46,55,38,39,47,42,40,31,39,35,26,29,32
201711152202,42,46,55,38,39,47,42,40,31,39,35,26,29,32
201711152217,42,46,55,38,39,47,42,40,31,39,35,26,29,32
201711152232,42,46,55,38,39,47,42,40,31,39,35,26,29,32
201711152247,42,46,55,38,39,47,42,40,31,39,35,26,29,32
201711152302,42,46,55,38,39,47,42,40,31,39,35,26,29,32
201711152317,42,46,55,38,39,47,42,40,31,39,35,26,29,32
201711152332,42,46,55,38,39,47,42,40,31,39,35,26,29,32
201711152347,42,46,55,38,39,47,42,40,31,39,35,26,29,32
201711160002,42,46,55,38,39,47,42,40,31,39,35,26,29,32
201711160017,42,46,55,38,39,47,42,40,31,39,35,26,29,32
201711160032,43,46,55,38,39,47,42,42,31,39,35,26,29,32
201711160047,43,46,55,38,39,47,42,42,31,39,35,26,29,32
201711160102,43,46,55,38,39,47,42,42,31,39,35,26,29,32
201711160117,43,46,55,38,39,47,42,42,31,39,35,26,29,32
201711160132,43,46,55,38,39,47,42,42,31,39,35,26,29,32
201711160147,43,46,55,38,39,47,42,42,31,39,35,26,29,32
201711160202,43,46,55,38,39,47,42,42,31,39,35,26,29,32
201711160217,43,45,56,38,39,47,42,42,30,38,35,26,29,32
201711160232,43,45,56,38,39,47,42,42,30,38,35,26,29,32
201711160247,43,45,56,38,39,47,42,42,30,38,35,26,29,32
201711160302,43,45,56,38,39,47,42,42,30,38,35,26,29,32
201711160317,43,45,56,38,39,47,42,42,30,38,35,26,29,32
201711160332,43,45,56,38,39,47,42,42,30,38,35,26,29,32
201711160347,43,45,56,38,39,47,42,42,30,38,35,26,29,32
201711160402,43,45,56,38,39,47,42,42,30,38,35,26,29,32
201711160417,43,45,56,38,39,47,42,42,30,38,35,26,29,32
201711160432,43,45,56,38,39,47,42,42,30,38,35,26,29,32
201711160447,43,45,56,38,39,47,42,42,30,38,35,26,29,32
201711160502,43,45,56,38,39,47,42,42,30,38,35,26,29,32
201711160517,43,45,56,38,39,47,42,42,30,38,35,26,29,32
201711160532,44,45,56,37,39,48,40,30,38,34,25,29,31,
201711160547,44,45,56,37,39,48,40,30,38,34,25,29,31,
201711160602,44,45,56,37,39,48,40,30,38,34,25,29,31,
201711160617,44,45,56,37,39,48,40,30,38,34,25,29,31,
201711160632,44,45,56,37,39,48,40,30,38,34,25,29,31,
201711160647,44,45,56,37,39,48,40,30,38,34,25,29,31,
201711160702,44,45,56,37,39,48,40,30,38,34,25,29,31,
201711160717,44,45,56,37,39,48,40,30,38,34,25,29,31,
201711160732,44,45,56,37,39,48,40,30,38,34,25,29,31,
201711160747,44,45,56,37,39,48,40,30,38,34,25,29,31,
201711160802,44,45,56,37,39,48,40,30,38,34,25,29,31,
201711160817,,,,,,,,,,,,,,
201711160832,44,45,56,37,39,48,40,30,38,34,25,29,31,
201711160847,44,45,56,37,39,48,40,30,38,34,25,29,31,
201711160902,44,45,56,37,39,48,40,30,38,34,25,29,31,
201711160917,44,45,56,37,39,48,40,30,38,34,25,29,31,
201711160932,44,45,56,37,39,48,40,30,38,34,25,29,31,
201711160947,44,45,56,37,39,48,40,30,38,34,25,29,31,
201711161002,44,45,56,37,39,48,40,30,38,34,25,29,31,
201711161017,44,45,56,37,39,48,40,30,38,34,25,29,31,
201711161032,44,45,56,37,39,48,40,30,38,34,25,29,31,
201711161047,44,45,56,37,39,48,40,30,38,34,25,29,31,
201711161102,44,45,56,37,39,48,40,30,38,34,25,29,31,
201711161117,44,45,56,37,39,48,40,30,38,34,25,29,31,
201711161132,44,45,57,36,39,48,40,30,37,35,25,29,31,
201711161147,44,45,57,36,39,48,40,30,37,35,25,29,31,
201711161202,44,45,57,36,39,48,40,30,37,35,25,29,31,
201711161217,44,45,57,36,39,48,40,30,37,35,25,29,31,
201711161232,44,45,57,36,39,48,40,30,37,35,25,29,31,
201711161247,44,45,57,36,39,48,40,30,37,35,25,29,31,
201711161302,44,45,57,36,39,48,40,30,37,35,25,29,31,
201711161317,44,45,57,36,39,48,40,30,37,35,25,29,31,
201711161332,44,45,57,36,39,48,40,30,37,35,25,29,31,
201711161347,44,45,57,36,39,48,40,30,37,35,25,29,31,
201711161402,44,45,57,36,39,48,40,30,37,35,25,29,31,
201711161417,44,45,57,36,39,48,40,30,37,35,25,29,31,
201711161432,44,45,57,36,39,48,40,30,37,35,25,29,31,
201711161447,44,45,57,36,39,48,40,30,37,35,25,29,31,
201711161502,44,45,57,36,39,48,40,30,37,35,25,29,31,
201711161517,44,45,57,38,41,50,42,30,37,37,26,29,32,28
201711161532,44,45,57,36,39,48,40,30,37,35,25,29,31,
201711161547,44,45,57,38,41,50,42,30,37,37,26,29,32,28
201711161602,44,45,57,38,41,50,42,30,37,37,26,29,32,28
201711161617,44,45,57,38,41,50,42,30,37,37,26,29,32,28
201711161632,44,45,57,38,41,50,42,30,37,37,26,29,32,28
201711161647,44,45,57,38,41,50,42,30,37,37,26,29,32,28
201711161702,44,45,57,38,41,50,42,30,37,37,26,29,32,28
201711161717,44,45,57,38,41,50,42,30,37,37,26,29,32,28
201711161732,45,57,38,41,50,42,42,30,37,37,26,29,32,28
201711161747,45,57,38,41,50,42,42,30,37,37,26,29,32,28
201711161802,45,57,38,41,50,42,42,30,37,37,26,29,32,28
201711161817,45,57,38,41,50,42,42,30,37,37,26,29,32,28
201711161832,45,57,38,41,50,42,42,30,37,37,26,29,32,28
201711161847,45,57,38,41,50,42,42,30,37,37,26,29,32,28
201711161902,45,57,38,41,50,42,42,30,37,37,26,29,32,28
201711161917,45,57,38,41,50,42,42,30,37,37,26,29,32,28
201711161932,45,57,38,41,50,42,42,30,37,37,26,29,32,28
201711161947,45,57,38,41,50,42,42,30,37,37,26,29,32,28
201711162002,45,57,38,41,50,42,42,30,37,37,26,29,32,28
201711162017,45,57,38,41,50,42,42,30,37,37,26,29,32,28
201711162032,45,57,38,41,50,42,42,30,37,37,26,29,32,28
201711162047,45,57,38,41,50,42,42,30,37,37,26,29,32,28
201711162102,45,57,38,41,50,42,42,30,37,37,26,29,32,28
201711162117,45,57,38,41,50,42,42,30,37,37,26,29,32,28
201711162132,45,57,38,41,50,42,42,30,37,37,26,29,32,28
201711162147,45,57,38,41,50,42,42,30,37,37,26,29,32,28
201711162202,45,57,38,41,50,42,42,30,37,37,26,29,32,28
201711162217,45,57,38,41,50,42,42,30,37,37,26,29,32,28
201711162232,45,57,38,41,50,42,42,30,37,37,26,29,32,28
201711162247,45,57,38,41,50,42,42,30,37,37,26,29,32,28
201711162302,45,57,38,41,50,42,42,30,37,37,26,29,32,28
201711162317,45,57,38,41,50,42,42,30,37,37,26,29,32,28
201711162332,45,57,38,41,50,42,42,30,37,37,26,29,32,28
201711162347,45,57,38,41,50,42,42,30,37,37,26,29,32,28
201711170002,45,57,38,41,50,42,42,30,37,37,26,29,32,28
201711170017,45,57,38,41,50,42,42,30,37,37,26,29,32,28
201711170032,45,57,38,41,50,42,42,32,37,37,26,29,32,28
201711170047,45,57,38,41,50,42,42,32,37,37,26,29,32,28
201711170102,45,57,38,41,50,42,42,32,37,37,26,29,32,28
201711170117,45,57,38,41,50,42,42,32,37,37,26,29,32,28
201711170132,45,57,38,41,50,42,42,32,37,37,26,29,32,28
201711170147,45,57,38,41,50,42,42,32,37,37,26,29,32,28
201711170202,45,57,38,41,50,42,42,32,37,37,26,29,32,28
201711170217,47,57,37,41,50,42,42,34,39,36,26,29,32,28
201711170232,47,57,37,41,50,42,42,34,39,36,26,29,32,28
201711170247,47,57,37,41,50,42,42,34,39,36,26,29,32,28
201711170302,47,57,37,41,50,42,42,34,39,36,26,29,32,28
201711170317,47,57,37,41,50,42,42,34,39,36,26,29,32,28
201711170332,47,57,37,41,50,42,42,34,39,36,26,29,32,28
201711170347,47,57,37,41,50,42,42,34,39,36,26,29,32,28
201711170402,47,57,37,41,50,42,42,34,39,36,26,29,32,28
201711170417,47,57,37,41,50,42,42,34,39,36,26,29,32,28
201711170432,47,57,37,41,50,42,42,34,39,36,26,29,32,28
201711170447,47,57,37,41,50,42,42,34,39,36,26,29,32,28
201711170502,47,57,37,41,50,42,42,34,39,36,26,29,32,28
201711170517,47,57,37,40,50,43,43,39,36,26,30,31,27,
201711170532,47,57,37,40,50,43,43,39,36,26,30,31,27,
201711170547,47,57,37,40,50,43,43,39,36,26,30,31,27,
201711170602,47,57,37,40,50,43,43,39,36,26,30,31,27,
201711170617,47,57,37,40,50,43,43,39,36,26,30,31,27,
201711170632,47,57,37,40,50,43,43,39,36,26,30,31,27,
201711170647,47,57,37,40,50,43,43,39,36,26,30,31,27,
201711170702,47,57,37,40,50,43,43,39,36,26,30,31,27,
201711170717,47,57,37,40,50,43,43,39,36,26,30,31,27,
201711170732,47,57,37,40,50,43,43,39,36,26,30,31,27,
201711170747,47,57,37,40,50,43,43,39,36,26,30,31,27,
201711170802,47,57,37,40,50,43,43,39,36,26,30,31,27,
201711170817,,,,,,,,,,,,,,
201711170832,47,57,37,40,50,43,43,39,36,26,30,31,27,
201711170847,47,57,37,40,50,43,43,39,36,26,30,31,27,
201711170902,47,57,37,40,50,43,43,39,36,26,30,31,27,
201711170917,,,,,,,,,,,,,,
201711170932,47,57,37,40,50,43,43,39,36,26,30,31,27,
201711170947,47,57,37,40,50,43,43,39,36,26,30,31,27,
201711171002,47,57,37,40,50,43,43,39,36,26,30,31,27,
201711171017,47,57,37,40,50,43,43,39,36,26,30,31,27,
201711171032,47,57,37,40,50,43,43,39,36,26,30,31,27,
201711171047,47,57,37,40,50,43,43,39,36,26,30,31,27,
201711171102,47,57,37,40,50,43,43,39,36,26,30,31,27,
201711171117,47,57,37,40,50,43,43,39,36,26,30,31,27,
201711171132,47,57,37,40,50,43,43,39,36,26,30,31,27,
201711171147,47,57,37,40,50,43,43,39,36,26,30,31,27,
201711171202,47,57,37,40,50,43,43,39,36,26,30,31,27,
201711171217,47,57,37,40,50,43,43,39,36,26,30,31,27,
201711171232,47,57,37,40,50,43,43,39,36,26,30,31,27,
201711171247,47,57,37,40,50,43,43,39,36,26,30,31,27,
201711171302,47,57,37,40,50,43,43,39,36,26,30,31,27,
201711171317,46,57,37,40,50,43,43,38,36,26,30,31,27,
201711171332,46,57,37,40,50,43,43,38,36,26,30,31,27,
201711171347,46,57,37,40,50,43,43,38,36,26,30,31,27,
201711171402,46,57,37,40,50,43,43,38,36,26,30,31,27,
201711171417,,,,,,,,,,,,,,
201711171432,46,57,39,40,50,43,43,38,37,26,30,31,27,
201711171447,46,57,39,40,50,43,43,38,37,26,30,31,27,
201711171502,46,57,39,40,50,43,43,38,37,26,30,31,27,
201711171517,45,57,38,41,50,42,42,30,37,37,26,29,32,28
201711171532,46,57,39,40,51,41,41,38,37,27,31,32,27,29
201711171547,46,57,39,40,51,41,41,38,37,27,31,32,27,29
201711171602,46,57,39,40,51,41,41,38,37,27,31,32,27,29
201711171617,46,57,39,40,51,41,41,38,37,27,31,32,27,29
201711171632,46,57,39,40,51,41,41,38,37,27,31,32,27,29
201711171647,46,57,39,40,51,41,41,38,37,27,31,32,27,29
201711171702,46,57,39,40,51,41,41,38,37,27,31,32,27,29
201711171717,57,39,40,51,41,41,46,38,37,27,31,32,27,29
201711171732,57,39,40,51,41,41,46,38,37,27,31,32,27,29
201711171747,57,39,40,51,41,41,46,38,37,27,31,32,27,29
201711171802,57,39,40,51,41,41,46,38,37,27,31,32,27,29
201711171817,57,39,40,51,41,41,46,38,37,27,31,32,27,29
201711171832,57,39,40,51,41,41,46,35,37,27,31,32,27,29
201711171847,57,39,40,51,41,41,46,35,37,27,31,32,27,29
201711171902,57,39,40,51,41,41,46,35,37,27,31,32,27,29
201711171917,57,39,40,51,41,41,46,35,37,27,31,32,27,29
201711171932,57,39,40,51,41,41,46,35,37,27,31,32,27,29
201711171947,57,39,40,51,41,41,46,35,37,27,31,32,27,29
201711172002,57,39,40,51,41,41,46,35,37,27,31,32,27,29
201711172017,57,39,40,51,41,41,46,35,37,27,31,32,27,29
201711172032,57,39,40,51,41,41,46,35,37,27,31,32,27,29
201711172047,57,39,40,51,41,41,46,35,37,27,31,32,27,29
201711172102,57,39,40,51,41,41,46,35,37,27,31,32,27,29
201711172117,57,39,40,51,41,41,46,35,37,27,31,32,27,29
201711172132,57,39,40,51,41,41,46,35,37,27,31,32,27,29
201711172147,57,39,40,51,41,41,46,35,37,27,31,32,27,29
201711172202,57,39,40,51,41,41,46,35,37,27,31,32,27,29
201711172217,57,39,40,51,41,41,46,35,37,27,31,32,27,29
201711172232,57,39,40,51,41,41,46,35,37,27,31,32,27,29
201711172247,57,39,40,51,41,41,46,35,37,27,31,32,27,29
201711172302,57,39,40,51,41,41,46,35,37,27,31,32,27,29
201711172317,57,39,40,51,41,41,46,35,37,27,31,32,27,29
201711172332,57,39,40,51,41,41,46,35,37,27,31,32,27,29
201711172347,57,39,40,51,41,41,46,35,37,27,31,32,27,29
201711180002,57,39,40,51,41,41,46,35,37,27,31,32,27,29
201711180017,57,39,40,51,41,41,46,35,37,27,31,32,27,29
201711180032,57,39,40,51,41,41,46,35,37,27,31,32,27,29
201711180047,57,39,40,51,41,41,46,35,37,27,31,32,27,29
201711180102,57,39,40,51,41,41,46,35,37,27,31,32,27,29
201711180117,57,39,40,51,41,41,46,35,37,27,31,32,27,29
201711180132,57,39,40,51,41,41,46,35,37,27,31,32,27,29
201711180147,57,39,40,51,41,41,46,35,37,27,31,32,27,29
201711180202,57,39,40,51,41,41,46,35,37,27,31,32,27,29
201711180217,57,39,40,51,41,41,46,35,37,27,31,32,27,29
201711180232,57,39,40,51,41,41,46,35,37,27,31,32,27,29
201711180247,57,39,40,51,41,41,46,35,37,27,31,32,27,29
201711180302,57,39,40,51,41,41,46,35,37,27,31,32,27,29
201711180317,57,38,41,51,41,41,46,33,38,27,31,32,27,29
201711180332,57,38,41,51,41,41,46,33,38,27,31,32,27,29
201711180347,57,38,41,51,41,41,46,33,38,27,31,32,27,29
201711180402,57,38,41,51,41,41,46,33,38,27,31,32,27,29
201711180417,57,38,41,51,41,41,46,33,38,27,31,32,27,29
201711180432,57,38,41,51,41,41,46,33,38,27,31,32,27,29
201711180447,57,38,41,51,41,41,46,33,38,27,31,32,27,29
201711180502,57,38,41,51,41,41,46,33,38,27,31,32,27,29
201711180517,57,38,41,52,41,41,44,38,27,32,33,27,29,
201711180532,57,38,41,52,41,41,44,38,27,32,33,27,29,
201711180547,57,38,41,52,41,41,44,38,27,32,33,27,29,
201711180602,57,38,41,52,41,41,44,38,27,32,33,27,29,
201711180617,57,38,41,52,41,41,44,38,27,32,33,27,29,
201711180632,57,38,41,52,41,41,44,38,27,32,33,27,29,
201711180647,57,38,41,52,41,41,44,38,27,32,33,27,29,
201711180702,57,38,41,52,41,41,44,38,27,32,33,27,29,
201711180717,57,38,41,52,41,41,44,38,27,32,33,27,29,
201711180732,57,38,41,52,41,41,44,38,27,32,33,27,29,
201711180747,57,38,41,52,41,41,44,38,27,32,33,27,29,
201711180802,57,38,41,52,41,41,44,38,27,32,33,27,29,
201711180817,57,38,41,52,41,41,44,38,27,32,33,27,29,
201711180832,57,38,41,52,41,41,44,38,27,32,33,27,29,
201711180847,57,38,41,52,41,41,44,38,27,32,33,27,29,
201711180902,57,38,41,52,41,41,44,38,27,32,33,27,29,
201711180917,57,38,41,52,41,41,44,38,27,32,33,27,29,
201711180932,57,38,41,52,41,41,44,38,27,32,33,27,29,
201711180947,57,38,41,52,41,41,44,38,27,32,33,27,29,
201711181002,57,38,41,52,41,41,44,38,27,32,33,27,29,
201711181017,57,38,41,52,41,41,44,38,27,32,33,27,29,
201711181032,57,38,41,52,41,41,44,38,27,32,33,27,29,
201711181047,57,38,41,52,41,41,44,38,27,32,33,27,29,
201711181102,57,38,41,52,41,41,44,38,27,32,33,27,29,
201711181117,57,38,41,52,41,41,44,38,27,32,33,27,29,
201711181132,57,38,41,52,41,41,44,38,27,32,33,27,29,
201711181147,57,38,41,52,41,41,44,38,27,32,33,27,29,
201711181202,57,38,41,52,41,41,44,38,27,32,33,27,29,
201711181217,57,38,41,52,41,41,44,38,27,32,33,27,29,
201711181232,57,38,41,52,41,41,44,38,27,32,33,27,29,
201711181247,57,38,41,52,41,41,44,38,27,32,33,27,29,
201711181302,57,38,41,52,41,41,44,38,27,32,33,27,29,
201711181317,56,38,41,52,41,41,44,38,27,32,33,27,29,
201711181332,56,38,41,52,41,41,44,38,27,32,33,27,29,
201711181347,56,38,41,52,41,41,44,38,27,32,33,27,29,
201711181402,56,38,41,52,41,41,44,38,27,32,33,27,29,
201711181417,56,38,41,52,41,41,44,38,27,32,33,27,29,
201711181432,56,38,41,52,41,41,44,38,27,32,33,27,29,
201711181447,56,38,41,52,41,41,44,38,27,32,33,27,29,
201711181502,56,38,41,52,41,41,44,38,27,32,33,27,29,
201711181517,56,38,41,52,52,41,41,38,27,32,32,33,27,29
201711181532,56,38,41,52,41,41,44,38,27,32,33,27,29,32
201711181547,56,38,41,52,52,41,41,38,27,32,32,33,27,29
201711181602,56,38,41,52,41,41,44,38,27,32,33,27,29,32
201711181617,56,39,42,52,41,41,44,38,27,33,33,27,29,32
201711181632,56,39,42,52,41,41,44,38,27,33,33,27,29,32
201711181647,56,39,42,52,41,41,44,38,27,33,33,27,29,32
201711181702,56,39,42,52,41,41,44,38,27,33,33,27,29,32
201711181717,39,42,52,39,40,44,47,38,27,33,32,26,28,34
201711181732,39,42,52,39,40,44,47,38,27,33,32,26,28,34
201711181747,39,42,52,39,40,44,47,38,27,33,32,26,28,34
201711181802,39,42,52,39,40,44,47,38,27,33,32,26,28,34
201711181817,39,42,52,39,40,44,47,38,27,33,32,26,28,34
201711181832,39,42,52,39,40,44,47,38,27,33,32,26,28,34
201711181847,39,42,52,39,40,44,47,38,27,33,32,26,28,34
201711181902,39,42,52,39,40,44,47,38,27,33,32,26,28,34
201711181917,39,42,52,39,40,44,47,38,27,33,32,26,28,34
201711181932,39,42,52,39,40,44,47,38,27,33,32,26,28,34
201711181947,39,42,52,39,40,44,47,38,27,33,32,26,28,34
201711182002,39,42,52,39,40,44,47,38,27,33,32,26,28,34
201711182017,39,42,52,39,40,44,47,38,27,33,32,26,28,34
201711182032,39,42,52,39,40,44,47,38,27,33,32,26,28,34
201711182047,39,42,52,39,40,44,47,38,27,33,32,26,28,34
201711182102,39,42,52,39,40,44,47,38,27,33,32,26,28,34
201711182117,39,42,52,39,40,44,47,38,27,33,32,26,28,34
201711182132,39,42,52,39,40,44,47,38,27,33,32,26,28,34
201711182147,39,42,52,39,40,44,47,38,27,33,32,26,28,34
201711182202,39,42,52,39,40,44,47,38,27,33,32,26,28,34
201711182217,39,42,52,39,40,44,47,38,27,33,32,26,28,34
201711182232,39,42,52,39,40,44,47,38,27,33,32,26,28,34
201711182247,39,42,52,39,40,44,47,38,27,33,32,26,28,34
201711182302,39,42,52,39,40,44,47,38,27,33,32,26,28,34
201711182317,39,42,52,39,40,44,47,38,27,33,32,26,28,34
201711182332,39,42,52,39,40,44,47,38,27,33,32,26,28,34
201711182347,39,42,52,39,40,44,47,38,27,33,32,26,28,34
201711190002,39,42,52,39,40,44,47,38,27,33,32,26,28,34
201711190017,39,42,52,39,40,44,47,38,27,33,32,26,28,34
201711190032,39,42,52,39,40,44,47,38,27,33,32,26,28,34
201711190047,39,42,52,39,40,44,47,38,27,33,32,26,28,34
201711190102,39,42,52,39,40,44,47,38,27,33,32,26,28,34
201711190117,39,42,52,39,40,44,47,38,27,33,32,26,28,34
201711190132,39,42,52,39,40,44,47,38,27,33,32,26,28,34
201711190147,39,42,52,39,40,44,47,38,27,33,32,26,28,34
201711190202,39,42,52,39,40,44,47,38,27,33,32,26,28,34
201711190217,39,42,52,39,40,44,47,38,27,33,32,26,28,34
201711190232,39,42,52,39,40,44,47,38,27,33,32,26,28,34
201711190247,39,42,52,39,40,44,47,38,27,33,32,26,28,34
201711190302,39,42,52,39,40,44,47,38,27,33,32,26,28,34
201711190317,39,42,52,39,40,44,47,38,27,33,32,26,28,34
201711190332,39,42,52,39,40,44,47,38,27,33,32,26,28,34
201711190347,39,42,52,39,40,44,47,38,27,33,32,26,28,34
201711190402,39,42,52,39,40,44,47,38,27,33,32,26,28,34
201711190417,39,42,52,39,40,44,47,38,27,33,32,26,28,34
201711190432,39,42,52,39,40,44,47,38,27,33,32,26,28,34
201711190447,39,42,52,39,40,44,47,38,27,33,32,26,28,34
201711190502,39,42,52,39,40,44,47,38,27,33,32,26,28,34
201711190517,39,42,52,39,40,44,47,28,34,32,26,29,35,
201711190532,39,42,52,39,40,44,47,28,34,32,26,29,35,
201711190547,39,42,52,39,40,44,47,28,34,32,26,29,35,
201711190602,39,42,52,39,40,44,47,28,34,32,26,29,35,
201711190617,39,42,52,39,40,44,47,28,34,32,26,29,35,
201711190632,39,42,52,39,40,44,47,28,34,32,26,29,35,
201711190647,39,42,52,39,40,44,47,28,34,32,26,29,35,
201711190702,39,42,52,39,40,44,47,28,34,32,26,29,35,
201711190717,39,42,52,39,40,44,47,28,34,32,26,29,35,
201711190732,39,42,52,39,40,44,47,28,34,32,26,29,35,
201711190747,39,42,52,39,40,44,47,28,34,32,26,29,35,
201711190802,39,42,52,39,40,44,47,28,34,32,26,29,35,
201711190817,39,42,52,39,40,44,47,28,34,32,26,29,35,
201711190832,39,42,52,39,40,44,47,28,34,32,26,29,35,
201711190847,39,42,52,39,40,44,47,28,34,32,26,29,35,
201711190902,39,42,52,39,40,44,47,28,34,32,26,29,35,
201711190917,39,42,52,39,40,44,47,28,34,32,26,29,35,
201711190932,39,42,52,39,40,44,47,28,34,32,26,29,35,
201711190947,39,42,52,39,40,44,47,28,34,32,26,29,35,
201711191002,39,42,52,39,40,44,47,28,34,32,26,29,35,
201711191017,39,42,52,39,40,44,47,28,34,32,26,29,35,
201711191032,39,42,52,39,40,44,47,28,34,32,26,29,35,
201711191047,39,42,52,39,40,44,47,28,34,32,26,29,35,
201711191102,39,42,52,39,40,44,47,28,34,32,26,29,35,
201711191117,39,42,52,39,40,44,47,28,34,32,26,29,35,
201711191132,39,42,52,39,40,44,47,28,34,32,26,29,35,
201711191147,39,42,52,39,40,44,47,28,34,32,26,29,35,
201711191202,39,42,52,39,40,44,47,28,34,32,26,29,35,
201711191217,39,42,52,39,40,44,47,28,34,32,26,29,35,
201711191232,40,42,52,39,40,44,47,28,34,32,26,29,35,
201711191247,40,42,52,39,40,44,47,28,34,32,26,29,35,
201711191302,40,42,52,39,40,44,47,28,34,32,26,29,35,
201711191317,40,42,52,39,40,44,47,28,34,32,26,29,35,
201711191332,40,42,52,39,40,44,47,28,34,32,26,29,35,
201711191347,40,42,52,39,40,44,47,28,34,32,26,29,35,
201711191402,40,42,52,39,40,44,47,28,34,32,26,29,35,
201711191417,40,42,52,39,40,44,47,28,34,32,26,29,35,
201711191432,40,42,52,39,40,44,47,28,34,32,26,29,35,
201711191447,40,42,52,39,40,44,47,28,34,32,26,29,35,
201711191502,40,42,52,39,40,44,47,28,34,32,26,29,35,
201711191517,40,42,52,39,40,44,47,28,34,32,26,29,35,
201711191532,40,42,52,39,40,44,47,28,34,32,26,29,35,32
201711191547,40,42,52,39,40,44,47,28,34,32,26,29,35,32
201711191602,40,42,52,39,40,44,47,28,34,32,26,29,35,32
201711191617,38,42,53,38,40,44,47,28,34,32,26,29,35,32
201711191632,38,42,53,38,40,44,47,28,34,32,26,29,35,32
201711191647,38,42,53,38,40,44,47,28,34,32,26,29,35,32
201711191702,38,42,53,38,40,44,47,28,34,32,26,29,35,32
201711191717,38,42,53,38,40,44,47,28,34,32,26,29,35,32
201711191732,42,53,38,39,44,47,36,28,34,32,26,28,35,31
201711191747,42,53,38,39,44,47,36,28,34,32,26,28,35,31
201711191802,42,53,38,39,44,47,36,28,34,32,26,28,35,31
201711191817,42,53,38,39,44,47,36,28,34,32,26,28,35,31
201711191832,42,53,38,39,44,47,36,28,34,32,26,28,35,31
201711191847,42,53,38,39,44,47,36,28,34,32,26,28,35,31
201711191902,42,53,38,39,44,47,36,28,34,32,26,28,35,31
201711191917,42,53,38,39,44,47,36,28,34,32,26,28,35,31
201711191932,42,53,38,39,44,47,36,28,34,32,26,28,35,31
201711191947,42,53,38,39,44,47,36,28,34,32,26,28,35,31
201711192002,42,53,38,39,44,47,36,28,34,32,26,28,35,31
201711192017,42,53,38,39,44,47,36,28,34,32,26,28,35,31
201711192032,42,53,38,39,44,47,36,28,34,32,26,28,35,31
201711192047,42,53,38,39,44,47,36,28,34,32,26,28,35,31
201711192102,42,53,38,39,44,47,36,28,34,32,26,28,35,31
201711192117,42,53,38,39,44,47,36,28,34,32,26,28,35,31
201711192132,42,53,38,39,44,47,36,28,34,32,26,28,35,31
201711192147,42,53,38,39,44,47,36,28,34,32,26,28,35,31
201711192202,42,53,38,39,44,47,36,28,34,32,26,28,35,31
201711192217,42,53,38,39,44,47,36,28,34,32,26,28,35,31
201711192232,42,53,38,39,44,47,36,28,34,32,26,28,35,31
201711192247,42,53,38,39,44,47,36,28,34,32,26,28,35,31
201711192302,42,53,38,39,44,47,36,28,34,32,26,28,35,31
201711192317,42,53,38,39,44,47,36,30,34,32,26,28,35,31
201711192332,42,53,38,39,44,47,36,30,34,32,26,28,35,31
201711192347,42,53,38,39,44,47,36,30,34,32,26,28,35,31
201711200002,42,53,38,39,44,47,36,30,34,32,26,28,35,31
201711200017,42,53,38,39,44,47,36,30,34,32,26,28,35,31
201711200032,42,53,38,39,44,47,36,30,34,32,26,28,35,31
201711200047,42,53,38,39,44,47,36,30,34,32,26,28,35,31
201711200102,42,53,38,39,44,47,36,30,34,32,26,28,35,31
201711200117,43,54,38,39,44,47,36,30,31,32,26,28,35,31
201711200132,43,54,38,39,44,47,36,30,31,32,26,28,35,31
201711200147,43,54,38,39,44,47,36,30,31,32,26,28,35,31
201711200202,43,54,38,39,44,47,36,30,31,32,26,28,35,31
201711200217,43,54,38,39,44,47,36,30,31,32,26,28,35,31
201711200232,43,54,38,39,44,47,36,30,31,32,26,28,35,31
201711200247,43,54,38,39,44,47,36,30,31,32,26,28,35,31
201711200302,43,54,38,39,44,47,36,30,31,32,26,28,35,31
201711200317,43,54,38,39,44,47,36,30,31,32,26,28,35,31
201711200332,43,54,38,39,44,47,36,30,31,32,26,28,35,31
201711200347,43,54,38,39,44,47,36,30,31,32,26,28,35,31
201711200402,43,54,38,39,44,47,36,30,31,32,26,28,35,31
201711200417,43,54,38,39,44,47,36,30,31,32,26,28,35,31
201711200432,43,54,38,39,44,47,36,30,31,32,26,28,35,31
201711200447,43,54,38,39,44,47,36,30,31,32,26,28,35,31
201711200502,43,54,38,39,44,47,36,30,31,32,26,28,35,31
201711200517,43,54,38,39,44,47,36,30,31,32,26,28,35,31
201711200532,43,54,38,40,45,50,37,31,32,26,28,34,32,
201711200547,43,54,38,40,45,50,37,31,32,26,28,34,32,
201711200602,43,54,38,40,45,50,37,31,32,26,28,34,32,
201711200617,43,54,38,40,45,50,37,31,32,26,28,34,32,
201711200632,43,54,38,40,45,50,37,31,32,26,28,34,32,
201711200647,43,54,38,40,45,50,37,31,32,26,28,34,32,
201711200702,43,54,38,40,45,50,37,31,32,26,28,34,32,
201711200717,43,54,38,40,45,50,37,31,32,26,28,34,32,
201711200732,43,54,38,40,45,50,37,31,32,26,28,34,32,
201711200747,43,54,38,40,45,50,37,31,32,26,28,34,32,
201711200802,43,54,38,40,45,50,37,31,32,26,28,34,32,
201711200817,43,54,38,40,45,50,37,31,32,26,28,34,32,
201711200832,43,54,38,40,45,50,37,31,32,26,28,34,32,
201711200847,43,54,38,40,45,50,37,31,32,26,28,34,32,
201711200902,43,54,38,40,45,50,37,31,32,26,28,34,32,
201711200917,43,54,38,40,45,50,37,31,32,26,28,34,32,
201711200932,43,54,38,40,45,50,37,31,32,26,28,34,32,
201711200947,43,54,38,40,45,50,37,31,32,26,28,34,32,
201711201002,43,54,38,40,45,50,37,31,32,26,28,34,32,
201711201017,,,,,,,,,,,,,,
201711201032,42,54,38,40,45,50,37,31,32,26,28,34,32,
201711201047,42,54,38,40,45,50,37,31,32,26,28,34,32,
201711201102,42,54,38,40,45,50,37,31,32,26,28,34,32,
201711201117,42,54,38,40,45,50,37,31,32,26,28,34,32,
201711201132,42,54,38,40,45,50,37,31,32,26,28,34,32,
201711201147,42,54,38,40,45,50,37,31,32,26,28,34,32,
201711201202,42,54,38,40,45,50,37,31,32,26,28,34,32,
201711201217,42,54,38,40,45,50,37,31,32,26,28,34,32,
201711201232,42,54,38,40,45,50,37,31,32,26,28,34,32,
201711201247,42,54,38,40,45,50,37,31,32,26,28,34,32,
201711201302,42,54,38,40,45,50,37,31,32,26,28,34,32,
201711201317,42,53,37,40,45,50,37,32,32,26,28,34,32,
201711201332,42,53,37,40,45,50,37,32,32,26,28,34,32,
201711201347,42,53,37,40,45,50,37,32,32,26,28,34,32,
201711201402,42,53,37,40,45,50,37,32,32,26,28,34,32,
201711201417,,,,,,,,,,,,,,
201711201432,42,53,37,40,45,50,37,32,32,26,28,34,32,
201711201447,42,53,37,40,45,50,37,32,32,26,28,34,32,
201711201502,42,53,37,40,45,50,37,32,32,26,28,34,32,
201711201517,,,,,,,,,,,,,,
201711201532,42,53,37,40,46,50,35,32,32,25,28,37,32,26
201711201547,42,53,37,40,46,50,35,32,32,25,28,37,32,26
201711201602,42,53,37,40,46,50,35,32,32,25,28,37,32,26
201711201617,42,53,37,40,46,50,35,32,32,25,28,37,32,26
201711201632,42,53,37,40,46,50,35,32,32,25,28,37,32,26
201711201647,42,53,37,40,46,50,35,32,32,25,28,37,32,26
201711201702,42,53,37,40,46,50,35,32,32,25,28,37,32,26
201711201717,53,37,40,46,50,35,36,33,32,25,28,37,32,26
201711201732,53,37,40,46,50,35,36,33,32,25,28,37,32,26
201711201747,53,37,40,46,50,35,36,33,32,25,28,37,32,26
201711201802,53,37,40,46,50,35,36,33,32,25,28,37,32,26
201711201817,53,37,40,46,50,35,36,33,32,25,28,37,32,26
201711201832,53,37,40,46,50,35,36,33,32,25,28,37,32,26
201711201847,53,37,40,46,50,35,36,33,32,25,28,37,32,26
201711201902,53,37,40,46,50,35,36,33,32,25,28,37,32,26
201711201917,53,37,40,46,50,35,36,33,32,25,28,37,32,26
201711201932,53,37,40,46,50,35,36,33,32,25,28,37,32,26
201711201947,53,37,40,46,50,35,36,33,32,25,28,37,32,26
201711202002,53,37,40,46,50,35,36,33,32,25,28,37,32,26
201711202017,53,37,40,46,50,35,36,33,32,25,28,37,32,26
201711202032,53,37,40,46,50,35,36,33,32,25,28,37,32,26
201711202047,53,37,40,46,50,35,36,33,32,25,28,37,32,26
201711202102,53,37,40,46,50,35,36,33,32,25,28,37,32,26
201711202117,53,37,40,46,50,35,36,33,32,25,28,37,32,26
201711202132,53,37,40,46,50,35,36,33,32,25,28,37,32,26
201711202147,53,37,40,46,50,35,36,33,32,25,28,37,32,26
201711202202,53,37,40,46,50,35,36,33,32,25,28,37,32,26
201711202217,,,,,,,,,,,,,,
201711202232,53,37,40,46,50,35,36,33,32,25,28,37,32,26
201711202247,53,37,40,46,50,35,36,33,32,25,28,37,32,26
201711202302,53,37,40,46,50,35,36,33,32,25,28,37,32,26
201711202317,53,37,40,46,50,35,36,33,32,25,28,37,32,26
201711202332,53,37,40,46,50,35,36,33,32,25,28,37,32,26
201711202347,53,37,40,46,50,35,36,33,32,25,28,37,32,26
201711210002,53,37,40,46,50,35,36,33,32,25,28,37,32,26
201711210017,52,37,40,46,50,35,36,36,33,24,28,37,32,26
201711210032,52,37,40,46,50,35,36,36,33,24,28,37,32,26
201711210047,52,37,40,46,50,35,36,36,33,24,28,37,32,26
201711210102,52,37,40,46,50,35,36,36,33,24,28,37,32,26
201711210117,52,37,40,46,50,35,36,36,33,24,28,37,32,26
201711210132,52,37,40,46,50,35,36,36,33,24,28,37,32,26
201711210147,52,37,40,46,50,35,36,36,33,24,28,37,32,26
201711210202,53,37,40,46,50,35,36,33,32,25,28,37,32,26
201711210217,52,37,40,46,50,35,36,36,33,24,28,37,32,26
201711210232,52,37,40,46,50,35,36,36,33,24,28,37,32,26
201711210247,52,37,40,46,50,35,36,36,33,24,28,37,32,26
201711210302,52,37,40,46,50,35,36,36,33,24,28,37,32,26
201711210317,52,37,40,46,50,35,36,36,33,24,28,37,32,26
201711210332,52,37,40,46,50,35,36,36,33,24,28,37,32,26
201711210347,52,37,40,46,50,35,36,36,33,24,28,37,32,26
201711210402,52,37,40,46,50,35,36,36,33,24,28,37,32,26
201711210417,52,37,40,46,50,35,36,35,33,24,28,37,32,26
201711210432,52,37,40,46,50,35,36,35,33,24,28,37,32,26
201711210447,52,37,40,46,50,35,36,35,33,24,28,37,32,26
201711210502,52,37,40,46,50,35,36,35,33,24,28,37,32,26
201711210517,52,37,40,46,50,35,36,35,33,24,28,37,32,26
201711210532,52,37,40,46,50,35,36,36,33,24,28,37,32,26
201711210547,52,37,40,46,50,35,36,36,33,24,28,37,32,26
201711210602,52,37,40,47,49,35,35,33,24,29,37,32,24,
201711210617,53,37,40,47,49,35,35,33,24,29,37,32,24,
201711210632,53,37,40,47,49,35,35,33,24,29,37,32,24,
201711210647,53,37,40,47,49,35,35,33,24,29,37,32,24,
201711210702,53,37,40,47,49,35,35,33,24,29,37,32,24,
201711210717,53,37,40,47,49,35,35,33,24,29,37,32,24,
201711210732,53,37,40,47,49,35,35,33,24,29,37,32,24,
201711210747,53,37,40,47,49,35,35,33,24,29,37,32,24,
201711210802,53,37,40,47,49,35,35,33,24,29,37,32,24,
201711210817,53,37,40,47,49,35,35,33,24,29,37,32,24,
201711210832,53,37,40,47,49,35,35,33,24,29,37,32,24,
201711210847,53,37,40,47,49,35,35,33,24,29,37,32,24,
201711210902,53,37,40,47,49,35,35,33,24,29,37,32,24,
201711210917,61,37,40,47,49,35,35,33,24,29,37,32,24,
201711210932,61,37,40,47,49,35,35,33,24,29,37,32,24,
201711210947,61,37,40,47,49,35,35,33,24,29,37,32,24,
201711211002,61,37,40,47,49,35,35,33,24,29,37,32,24,
201711211017,,,,,,,,,,,,,,
201711211032,61,37,40,47,49,35,35,33,24,29,37,32,24,
201711211047,61,37,40,47,49,35,35,33,24,29,37,32,24,
201711211102,61,37,40,47,49,35,35,33,24,29,37,32,24,
201711211117,61,37,40,47,49,35,35,33,24,29,37,32,24,
201711211132,61,37,40,47,49,35,35,33,24,29,37,32,24,
201711211147,61,37,40,47,49,35,35,33,24,29,37,32,24,
201711211202,61,37,40,47,49,35,35,33,24,29,37,32,24,
201711211217,61,37,40,47,49,35,35,33,24,29,37,32,24,
201711211232,61,37,40,47,49,35,35,33,24,29,37,32,24,
201711211247,61,37,40,47,49,35,35,33,24,29,37,32,24,
201711211302,61,37,40,47,49,35,35,33,24,29,37,32,24,
201711211317,61,37,40,47,49,35,35,33,24,29,37,32,24,
201711211332,52,37,40,46,50,35,36,36,33,24,28,37,32,26
201711211347,61,37,40,47,49,35,35,33,24,29,37,32,24,
201711211402,61,37,40,47,49,35,35,33,24,29,37,32,24,
201711211417,61,37,40,47,49,35,35,33,24,29,37,32,24,
201711211432,61,37,40,47,49,35,35,33,24,29,37,32,24,
201711211447,61,37,40,47,49,35,35,33,24,29,37,32,24,
201711211502,61,37,40,47,49,35,35,33,24,29,37,32,24,
201711211517,61,37,40,47,49,35,35,33,24,29,37,32,24,
201711211532,61,37,40,47,49,35,35,33,24,29,37,32,24,
201711211547,61,37,40,47,49,35,35,33,24,29,37,32,24,
201711211602,61,37,40,47,50,37,38,33,24,29,37,32,25,28
201711211617,,,,,,,,,,,,,,
201711211632,61,37,40,47,50,37,38,33,24,29,37,32,25,28
201711211647,61,37,40,47,50,37,38,33,24,29,37,32,25,28
